{"inputUnits":[42],"outputUnits":2,"inputs":{"0":{"dtype":"number","min":106.2591667450739,"max":575.525807258412},"1":{"dtype":"number","min":137.79171660989545,"max":382.53158394498405},"2":{"dtype":"number","min":111.57144981497157,"max":551.1033991254245},"3":{"dtype":"number","min":167.5081434899267,"max":340.47211980419377},"4":{"dtype":"number","min":116.48641190586187,"max":518.8751928976046},"5":{"dtype":"number","min":133.3265861296424,"max":358.5171688690762},"6":{"dtype":"number","min":119.57912967721224,"max":493.88896195437985},"7":{"dtype":"number","min":89.057518587002,"max":386.7425765088574},"8":{"dtype":"number","min":105.28511111080931,"max":491.0266471585302},"9":{"dtype":"number","min":59.36431186226454,"max":404.1901243275979},"10":{"dtype":"number","min":105.51787743890438,"max":500.38589339344526},"11":{"dtype":"number","min":123.76792925403043,"max":329.0788316728294},"12":{"dtype":"number","min":91.50925357250502,"max":526.2784639592062},"13":{"dtype":"number","min":93.22134266605845,"max":342.67607175172213},"14":{"dtype":"number","min":99.33405490895089,"max":512.8746161483062},"15":{"dtype":"number","min":79.14752085147357,"max":336.6060952144937},"16":{"dtype":"number","min":104.45493232871846,"max":503.41325932823486},"17":{"dtype":"number","min":71.04082020776389,"max":329.7747784749206},"18":{"dtype":"number","min":104.30399446354087,"max":505.1555620616339},"19":{"dtype":"number","min":135.70770694329192,"max":358.8615694671938},"20":{"dtype":"number","min":105.97892627026567,"max":533.7423114835525},"21":{"dtype":"number","min":124.99867778752919,"max":351.6313737955447},"22":{"dtype":"number","min":116.95166889015844,"max":513.7025300428655},"23":{"dtype":"number","min":137.07886725451837,"max":357.1531559153404},"24":{"dtype":"number","min":123.80785973594259,"max":500.95361525716237},"25":{"dtype":"number","min":144.44170424329036,"max":359.8433940446355},"26":{"dtype":"number","min":108.70972858063848,"max":506.8146252738824},"27":{"dtype":"number","min":112.35315998614563,"max":388.3350915678836},"28":{"dtype":"number","min":110.68382262076855,"max":532.5336400730347},"29":{"dtype":"number","min":101.95514875176866,"max":377.32297817073874},"30":{"dtype":"number","min":123.02460335487076,"max":512.9455554765796},"31":{"dtype":"number","min":121.86913255765658,"max":380.76030099703377},"32":{"dtype":"number","min":129.60800946867766,"max":501.5790214625227},"33":{"dtype":"number","min":125.11058429148656,"max":383.11474272494536},"34":{"dtype":"number","min":109.3283679022806,"max":509.49585707388974},"35":{"dtype":"number","min":85.32455701687735,"max":414.3765913689239},"36":{"dtype":"number","min":113.11828363265201,"max":527.7765222485909},"37":{"dtype":"number","min":81.72704331070479,"max":401.1401989262821},"38":{"dtype":"number","min":126.65025011701917,"max":517.786562875151},"39":{"dtype":"number","min":97.9708430426124,"max":400.60876215397286},"40":{"dtype":"number","min":135.89314887127478,"max":505.95401690165977},"41":{"dtype":"number","min":98.99745977903459,"max":404.13629277029156}},"outputs":{"0":{"dtype":"string","min":0,"max":1,"uniqueValues":["thumb-up","thumb-down"],"legend":{"thumb-up":[1,0],"thumb-down":[0,1]}}},"isNormalized":true}