{"inputUnits":[42],"outputUnits":2,"inputs":{"0":{"dtype":"number","min":26.995575251941744,"max":591.60073885863},"1":{"dtype":"number","min":122.2088437365601,"max":423.1979142544907},"2":{"dtype":"number","min":36.13828821864913,"max":581.7489854592493},"3":{"dtype":"number","min":156.23275866566522,"max":369.83940757947346},"4":{"dtype":"number","min":48.82551175316244,"max":558.037262614905},"5":{"dtype":"number","min":117.73705645846587,"max":347.67493668035},"6":{"dtype":"number","min":52.04778657607093,"max":542.9300837511952},"7":{"dtype":"number","min":79.85306109452566,"max":355.6680452676997},"8":{"dtype":"number","min":43.24922107528323,"max":542.3133012846162},"9":{"dtype":"number","min":42.174430263327025,"max":371.2577453151634},"10":{"dtype":"number","min":40.421719307131916,"max":531.5693293174612},"11":{"dtype":"number","min":112.45369278043869,"max":361.8695118892223},"12":{"dtype":"number","min":112.19604134652738,"max":523.7804604376801},"13":{"dtype":"number","min":88.47174497421491,"max":333.6594089063523},"14":{"dtype":"number","min":113.91172735734634,"max":518.6658759069433},"15":{"dtype":"number","min":103.63760202534644,"max":334.5740050860752},"16":{"dtype":"number","min":103.98895496064539,"max":509.5159170296391},"17":{"dtype":"number","min":106.8964882967552,"max":343.04900141342773},"18":{"dtype":"number","min":42.76826368623378,"max":525.9277535426244},"19":{"dtype":"number","min":89.89660175781862,"max":396.2876759477497},"20":{"dtype":"number","min":131.1601187315926,"max":522.023153203619},"21":{"dtype":"number","min":66.4772441631535,"max":360.6326181264839},"22":{"dtype":"number","min":127.21060444387015,"max":502.67724822765575},"23":{"dtype":"number","min":90.17428722150237,"max":357.906066544647},"24":{"dtype":"number","min":111.7601228581972,"max":515.950029525349},"25":{"dtype":"number","min":101.50059508397872,"max":365.76653731220415},"26":{"dtype":"number","min":51.06641423064664,"max":523.7184509881131},"27":{"dtype":"number","min":70.96466992124282,"max":422.4991328612933},"28":{"dtype":"number","min":134.98025065269397,"max":517.7083843119474},"29":{"dtype":"number","min":47.54144208039534,"max":385.7916227645741},"30":{"dtype":"number","min":122.3615427974187,"max":501.8650206744299},"31":{"dtype":"number","min":72.74455896535585,"max":380.7407179284092},"32":{"dtype":"number","min":104.571142588465,"max":518.7193680168459},"33":{"dtype":"number","min":85.53656819112585,"max":388.03704186913916},"34":{"dtype":"number","min":64.34641097729767,"max":522.7962590160615},"35":{"dtype":"number","min":53.83559362052791,"max":441.8846897955287},"36":{"dtype":"number","min":122.44077385910906,"max":515.8490704505555},"37":{"dtype":"number","min":34.28761559131186,"max":408.22721649379133},"38":{"dtype":"number","min":111.44631678131903,"max":500.403688373757},"39":{"dtype":"number","min":52.467100225614644,"max":402.0301462563244},"40":{"dtype":"number","min":102.93341527413997,"max":514.3669898215558},"41":{"dtype":"number","min":65.0378282653645,"max":408.57280027365414}},"outputs":{"0":{"dtype":"string","min":0,"max":1,"uniqueValues":["thumb-up","thumb-down"],"legend":{"thumb-up":[1,0],"thumb-down":[0,1]}}},"isNormalized":true}