{"inputUnits":[42],"outputUnits":4,"inputs":{"0":{"dtype":"number","min":100.99823205691186,"max":604.5797399126841},"1":{"dtype":"number","min":136.28245235199623,"max":399.6916562502629},"2":{"dtype":"number","min":96.99942628526696,"max":567.1235197956504},"3":{"dtype":"number","min":175.84515568476849,"max":363.40522205100706},"4":{"dtype":"number","min":104.7220844798748,"max":547.3733026345117},"5":{"dtype":"number","min":147.5612251901821,"max":363.48072652714984},"6":{"dtype":"number","min":106.21238242331904,"max":541.4611015426879},"7":{"dtype":"number","min":113.69555417067123,"max":394.11717867425284},"8":{"dtype":"number","min":100.68930601306393,"max":544.8142082521476},"9":{"dtype":"number","min":86.49348037246196,"max":413.584971831021},"10":{"dtype":"number","min":116.97488818515464,"max":526.3226205531821},"11":{"dtype":"number","min":135.52903106334227,"max":350.44977729604176},"12":{"dtype":"number","min":108.33765242537767,"max":524.1153031137584},"13":{"dtype":"number","min":100.81773017911182,"max":371.273863509129},"14":{"dtype":"number","min":111.25170204948793,"max":524.1147203004851},"15":{"dtype":"number","min":67.94755362098152,"max":361.8514569509874},"16":{"dtype":"number","min":118.77394121718437,"max":524.1995341941607},"17":{"dtype":"number","min":39.56571759322787,"max":349.49673575276404},"18":{"dtype":"number","min":100.71578975710695,"max":556.0874772376087},"19":{"dtype":"number","min":107.61082704129059,"max":366.71499408728914},"20":{"dtype":"number","min":95.40060898583147,"max":550.8743338278204},"21":{"dtype":"number","min":86.38643582050747,"max":348.96639723660667},"22":{"dtype":"number","min":90.78400713084685,"max":548.023857786934},"23":{"dtype":"number","min":52.61248031070956,"max":341.8037827067869},"24":{"dtype":"number","min":77.22053929344449,"max":546.1420652584017},"25":{"dtype":"number","min":22.527945581948444,"max":344.22796448069727},"26":{"dtype":"number","min":72.50632046971717,"max":582.4049715699144},"27":{"dtype":"number","min":81.78751484605397,"max":395.5867970150689},"28":{"dtype":"number","min":64.68197254602522,"max":581.648532409026},"29":{"dtype":"number","min":59.86774123874715,"max":372.3075968782347},"30":{"dtype":"number","min":60.28603203970978,"max":580.983895432732},"31":{"dtype":"number","min":63.235742858082766,"max":371.30760608664764},"32":{"dtype":"number","min":58.09696181158945,"max":580.3001177552825},"33":{"dtype":"number","min":36.47146435204297,"max":377.13878297759095},"34":{"dtype":"number","min":45.82504543353356,"max":605.946921599456},"35":{"dtype":"number","min":58.55277907853928,"max":422.39140159609764},"36":{"dtype":"number","min":32.86406426699689,"max":610.4455985265762},"37":{"dtype":"number","min":37.71853640905127,"max":400.31402330560474},"38":{"dtype":"number","min":25.526478426687248,"max":612.4348838549485},"39":{"dtype":"number","min":53.64818330728737,"max":397.511315192687},"40":{"dtype":"number","min":21.392212490518617,"max":614.0248440122117},"41":{"dtype":"number","min":66.09696611025049,"max":402.45879419421465}},"outputs":{"0":{"dtype":"string","min":0,"max":1,"uniqueValues":["thumb-up","thumb-down","okay","raised-hand"],"legend":{"thumb-up":[1,0,0,0],"thumb-down":[0,1,0,0],"okay":[0,0,1,0],"raised-hand":[0,0,0,1]}}},"isNormalized":true}