{"inputUnits":[42],"outputUnits":3,"inputs":{"0":{"dtype":"number","min":76.87504852396432,"max":596.3520469447534},"1":{"dtype":"number","min":114.98638261638523,"max":442.14260383799194},"2":{"dtype":"number","min":74.46710618742901,"max":578.9825161092386},"3":{"dtype":"number","min":136.71735028876293,"max":421.736446804355},"4":{"dtype":"number","min":83.72693551046758,"max":555.3167142450187},"5":{"dtype":"number","min":87.59663124769607,"max":397.45665822566355},"6":{"dtype":"number","min":87.60080119862249,"max":539.9920087242572},"7":{"dtype":"number","min":50.601267633219464,"max":387.8040721713195},"8":{"dtype":"number","min":85.26350156032701,"max":535.9498862070617},"9":{"dtype":"number","min":25.65440044186461,"max":391.4237296899404},"10":{"dtype":"number","min":85.25953534175648,"max":548.809244742805},"11":{"dtype":"number","min":86.37878420692773,"max":350.37025760193114},"12":{"dtype":"number","min":118.09446820594826,"max":567.8457604176685},"13":{"dtype":"number","min":60.764944710341375,"max":358.91010144994243},"14":{"dtype":"number","min":89.11341238084012,"max":582.7188076293062},"15":{"dtype":"number","min":29.837072986196052,"max":361.83390680973076},"16":{"dtype":"number","min":66.70882961935337,"max":592.7911516430221},"17":{"dtype":"number","min":6.255778567571987,"max":358.65985109251085},"18":{"dtype":"number","min":93.98289903455802,"max":551.25080041773},"19":{"dtype":"number","min":88.03166104594543,"max":373.24214344364054},"20":{"dtype":"number","min":133.33523049646305,"max":555.9601608385815},"21":{"dtype":"number","min":46.84931153890912,"max":347.5663017126006},"22":{"dtype":"number","min":104.7695292509938,"max":530.6195363714959},"23":{"dtype":"number","min":18.438616508956436,"max":362.1015013440376},"24":{"dtype":"number","min":83.21488289788653,"max":528.1275950124782},"25":{"dtype":"number","min":-1.9397060032219287,"max":372.47929706180577},"26":{"dtype":"number","min":104.8412154829109,"max":565.8568764104203},"27":{"dtype":"number","min":87.88534433541668,"max":400.8051200152306},"28":{"dtype":"number","min":129.726125172764,"max":563.6802177828469},"29":{"dtype":"number","min":45.319828991493345,"max":371.84866146748726},"30":{"dtype":"number","min":136.77434072742497,"max":562.5098319527051},"31":{"dtype":"number","min":19.97241468918658,"max":393.0809939295126},"32":{"dtype":"number","min":116.54513779302813,"max":560.7077175550935},"33":{"dtype":"number","min":2.398226432272736,"max":403.77621348139326},"34":{"dtype":"number","min":108.6607465951688,"max":593.3716153285741},"35":{"dtype":"number","min":68.82511029736939,"max":423.1215997671302},"36":{"dtype":"number","min":122.1155012167809,"max":603.3288929036521},"37":{"dtype":"number","min":56.37247104231895,"max":398.06922477504423},"38":{"dtype":"number","min":127.21206097808883,"max":609.0490031360247},"39":{"dtype":"number","min":37.27126686519116,"max":413.1822534729454},"40":{"dtype":"number","min":118.30402642398151,"max":612.2970980235427},"41":{"dtype":"number","min":21.694635197389225,"max":426.1268117324261}},"outputs":{"0":{"dtype":"string","min":0,"max":1,"uniqueValues":["thumb-up","thumb-down","others"],"legend":{"thumb-up":[1,0,0],"thumb-down":[0,1,0],"others":[0,0,1]}}},"isNormalized":true}