{"inputUnits":[42],"outputUnits":6,"inputs":{"0":{"dtype":"number","min":58.399134774994806,"max":622.9599566401803},"1":{"dtype":"number","min":106.98199036364377,"max":485.60166073629125},"2":{"dtype":"number","min":80.23163079607028,"max":595.2193428459202},"3":{"dtype":"number","min":110.53479411717737,"max":469.5044529384253},"4":{"dtype":"number","min":93.64435943507078,"max":566.1194412232464},"5":{"dtype":"number","min":94.20892898252232,"max":438.1223120706693},"6":{"dtype":"number","min":95.96905128498682,"max":573.5625596191163},"7":{"dtype":"number","min":59.35717513018916,"max":431.04794527806916},"8":{"dtype":"number","min":80.38994033733336,"max":597.4799012782966},"9":{"dtype":"number","min":32.04748880260122,"max":444.042579165459},"10":{"dtype":"number","min":99.56813980085295,"max":592.2141757399334},"11":{"dtype":"number","min":97.88282577975303,"max":422.7058236035307},"12":{"dtype":"number","min":85.25029817157579,"max":572.2358509671808},"13":{"dtype":"number","min":85.80664012032005,"max":423.7735570651091},"14":{"dtype":"number","min":91.97660736828398,"max":586.2828767170356},"15":{"dtype":"number","min":60.748244702677304,"max":450.77213250932476},"16":{"dtype":"number","min":82.2262664001978,"max":596.5572216971817},"17":{"dtype":"number","min":39.16180666847066,"max":464.4549260384583},"18":{"dtype":"number","min":96.21247820790443,"max":570.7287804837512},"19":{"dtype":"number","min":102.35192994092277,"max":435.29892983563974},"20":{"dtype":"number","min":85.1591796176708,"max":572.6229513816327},"21":{"dtype":"number","min":75.98531095527701,"max":440.81093593273664},"22":{"dtype":"number","min":85.6239784254275,"max":561.5991727768394},"23":{"dtype":"number","min":47.330645825713184,"max":471.0551271993379},"24":{"dtype":"number","min":75.91565676253971,"max":568.9870657011644},"25":{"dtype":"number","min":24.13943401617665,"max":483.1617378044391},"26":{"dtype":"number","min":77.66751134007463,"max":585.9337398774879},"27":{"dtype":"number","min":84.62588400888171,"max":448.81698860701624},"28":{"dtype":"number","min":59.18966996089171,"max":592.02532841126},"29":{"dtype":"number","min":78.26612801292171,"max":442.45745218851164},"30":{"dtype":"number","min":68.86909725804995,"max":590.9032073114873},"31":{"dtype":"number","min":52.70515225505508,"max":467.79345882552025},"32":{"dtype":"number","min":70.86319636679264,"max":588.1513242353698},"33":{"dtype":"number","min":31.093245690712195,"max":478.44109786515435},"34":{"dtype":"number","min":57.241824441430126,"max":602.1113703555224},"35":{"dtype":"number","min":68.14706214290482,"max":463.36926887992706},"36":{"dtype":"number","min":42.90487307774159,"max":608.9699262879974},"37":{"dtype":"number","min":62.601727692343715,"max":464.40455458914585},"38":{"dtype":"number","min":32.53914787663294,"max":613.3299744804879},"39":{"dtype":"number","min":70.69011716540123,"max":462.2036060901674},"40":{"dtype":"number","min":11.262547606219513,"max":626.5846184634074},"41":{"dtype":"number","min":51.585032369251735,"max":464.5049280104055}},"outputs":{"0":{"dtype":"string","min":0,"max":1,"uniqueValues":["thumb-up","thumb-down","okay","victory","raised-hand","others"],"legend":{"thumb-up":[1,0,0,0,0,0],"thumb-down":[0,1,0,0,0,0],"okay":[0,0,1,0,0,0],"victory":[0,0,0,1,0,0],"raised-hand":[0,0,0,0,1,0],"others":[0,0,0,0,0,1]}}},"isNormalized":true}